,bitter,meaty,piquant,salty,sour,sweet
2-Ingredient-Nutella-Brownies-1600158,0.166666666667,0.833333333333,0.0,0.166666666667,0.0,0.833333333333
4-Ingredients-Nutella-Brownies-748284,,,,,,
5-Ingredient-Paleo-Brownies-1253890,0.833333333333,0.833333333333,0.0,0.166666666667,0.0,0.833333333333
Ad-Hocs-Brownies-769746,0.166666666667,0.833333333333,0.0,0.333333333333,0.0,0.833333333333
Adorable-Heart-Shaped-Brownies-1179839,0.166666666667,0.5,0.0,0.666666666667,0.0,0.0
Almond-Flour-Brownies-1209524,0.166666666667,0.833333333333,0.0,0.166666666667,0.0,0.833333333333
Almond-Toffee-Sea-Salt-Brownies-1094740,0.833333333333,0.833333333333,0.0,0.5,0.0,0.833333333333
Apple-Brownies-541086,0.166666666667,0.333333333333,0.0,0.666666666667,0.166666666667,0.833333333333
Apple-Butterscotch-Brownies-1075418,0.166666666667,0.5,0.0,0.5,0.166666666667,0.833333333333
Apple-brownies-364817,0.166666666667,0.5,0.0,0.666666666667,0.166666666667,0.833333333333
Aunt-Pinkie_s-Famous-Fudgy-Brownies-1335355,0.166666666667,0.833333333333,0.0,0.166666666667,0.0,0.833333333333
Avocado-Brownies-with-Hazelnuts-1278855,0.666666666667,0.5,0.0,0.166666666667,0.166666666667,0.833333333333
BLUE-RIBBON-DARK-CHOCOLATE-BROWNIES-1690321,0.666666666667,0.833333333333,0.0,0.666666666667,0.166666666667,0.833333333333
BRAZILIAN-FLAIR-BROWNIE-SANDWICH-1549579,0.166666666667,0.5,0.0,0.166666666667,0.166666666667,0.833333333333
Bailey_s-Brown-Butter-Frosted-Brownies-1049490,,,,,,
Bailey_s-Irish-Cream-Brownies-1062784,0.166666666667,0.833333333333,0.0,0.5,0.0,0.833333333333
Bailey_s-Irish-Cream-Brownies-AllRecipes-202780,,,,,,
Baileys-Irish-cream-cheese-swirl-brownies-1266134,0.666666666667,0.833333333333,0.0,0.166666666667,0.0,0.833333333333
Baked-Almond-Pulp-Brownies-899178,0.833333333333,0.833333333333,0.0,0.333333333333,0.0,0.833333333333
Banana-Brownies-with-Peanut-Butter-Banana-Frosting-575992,0.166666666667,0.666666666667,0.0,0.5,0.166666666667,0.833333333333
Banana-Nut-Brownies-TasteOfHome,0.666666666667,0.666666666667,0.0,0.666666666667,0.166666666667,0.833333333333
Banana-Split-Brownies-470700,0.166666666667,0.666666666667,0.0,0.166666666667,0.166666666667,0.833333333333
Banana-Stuffed-Brownie-Cupcakes-1636264,0.5,0.666666666667,0.0,0.166666666667,0.166666666667,0.833333333333
Basement-Brownies-472535,,,,,,
Bayou-Brownies-MyRecipes-212317,0.5,0.5,0.0,0.666666666667,0.166666666667,0.833333333333
Best-Brownies-759512,0.833333333333,0.833333333333,0.0,0.666666666667,0.166666666667,0.833333333333
Best-Ever-Brownie-Frosting-1296488,,,,,,
Best-Ever-Fudge-Brownie-1418814,0.833333333333,0.833333333333,0.0,0.333333333333,0.166666666667,0.833333333333
Best-Gooey-Brownie-Recipe-EVER-1514047,0.333333333333,0.666666666667,0.0,0.333333333333,0.0,0.833333333333
Better-Brownies-AllRecipes,,,,,,
Betty-Crocker-Raceway-Brownie-1073498,0.166666666667,0.666666666667,0.0,0.166666666667,0.0,0.666666666667
Black-Bean-Brownies-1088585,,,,,,
Black-Bean-Brownies-1220884,,,,,,
Black-Bean-Brownies-1504349,0.166666666667,0.166666666667,0.0,0.333333333333,0.333333333333,0.5
Black-Bean-Brownies-1521236,0.666666666667,0.166666666667,0.0,0.666666666667,0.166666666667,0.666666666667
Black-Bean-Brownies-with-Pomegranates-989303,0.166666666667,0.166666666667,0.0,0.5,0.166666666667,0.166666666667
Black-Bottom-Brownies-489995,0.166666666667,0.833333333333,0.0,0.166666666667,0.0,0.833333333333
Black-Forest-Brownie-Bars-1634811,,,,,,
Black-and-Tan-Brownies-1085278,0.166666666667,0.5,0.0,0.5,0.166666666667,0.833333333333
Blackberry-Salted-Caramel-Brownies-1622793,0.833333333333,0.166666666667,0.0,0.833333333333,0.166666666667,0.833333333333
Blackberry-_-Mint-Brownie-Parfait-515932,0.166666666667,0.5,0.0,0.166666666667,0.166666666667,0.833333333333
Blonde-Orange-Brownies-1598040,0.166666666667,0.333333333333,0.0,0.166666666667,0.833333333333,0.833333333333
Blueberry-Brownies-1177890,0.333333333333,0.5,0.0,0.5,0.166666666667,0.833333333333
Blueberry-Brownies-791822,0.666666666667,0.5,0.0,0.5,0.166666666667,0.833333333333
Bourbon-Brown-Sugar-Brownies-1071605,0.166666666667,0.666666666667,0.0,0.333333333333,0.0,0.833333333333
Breakfast-Oatmeal-Brownies-with-Raw-Chocolate-Sauce-1685969,0.833333333333,0.833333333333,0.0,0.833333333333,0.5,0.5
Brown-Butter-Brownies-578305,,,,,,
Brown-Butter-Cupcake-Brownies-1559630,0.5,0.833333333333,0.0,0.166666666667,0.166666666667,0.833333333333
Brownie-549174,0.166666666667,0.833333333333,0.0,0.333333333333,0.0,0.833333333333
Brownie-Batter-Chia-_-Oats-1206355,0.666666666667,0.166666666667,0.0,0.166666666667,0.166666666667,0.5
Brownie-Batter-Oatmeal-1200870,0.333333333333,0.166666666667,0.0,0.166666666667,0.166666666667,0.5
Brownie-Batter-Smoothie-1185298,0.833333333333,0.833333333333,0.0,0.166666666667,0.0,0.5
Brownie-Bottom-Cheesecake-1565643,,,,,,
Brownie-Bottom-Cheesecake-Bars-1198134,0.166666666667,0.666666666667,0.0,0.5,0.0,0.833333333333
Brownie-Bowl-Sundaes-627734,,,,,,
Brownie-Cookies-1072620,0.166666666667,0.333333333333,0.0,0.166666666667,0.166666666667,0.833333333333
Brownie-Cookies-1297561,0.5,0.666666666667,0.0,0.166666666667,0.0,0.833333333333
Brownie-Cookies-1357192,0.333333333333,0.833333333333,0.0,0.5,0.166666666667,0.5
Brownie-Cookies-Martha-Stewart,0.166666666667,0.666666666667,0.0,0.166666666667,0.0,0.833333333333
Brownie-Cupcakes-1605366,0.166666666667,0.833333333333,0.0,0.166666666667,0.0,0.833333333333
Brownie-Frosting-Allrecipes,,,,,,
Brownie-Magic-Mallow-Bars-1546367,,,,,,
Brownie-Mallow-Bars-TasteOfHome,0.333333333333,0.833333333333,0.0,0.5,0.166666666667,0.833333333333
Brownie-Mix-Cookies-with-Cream-Cheese-Frosting-1584131,0.166666666667,0.5,0.0,0.5,0.0,0.833333333333
Brownie-Pizza-1342187,0.5,0.833333333333,0.0,0.166666666667,0.0,0.833333333333
Brownie-Pizza-1431352,,,,,,
Brownie-Pudding-Cake-998697,0.333333333333,0.166666666667,0.0,0.166666666667,0.166666666667,0.833333333333
Brownie-Refrigerator-Cake-576243,,,,,,
Brownie-Stuffed-Chocolate-Chip-Cookies-1583027,0.666666666667,0.833333333333,0.0,0.666666666667,0.0,0.833333333333
Brownie-Sundae-Nutella-Cupcakes-1304226,0.166666666667,0.166666666667,0.0,0.166666666667,0.166666666667,0.833333333333
Brownie-Tree-1426490,,,,,,
Brownie-Trifle-1512792,0.166666666667,0.166666666667,0.0,0.333333333333,0.333333333333,0.5
Brownie-Truffles-903075,0.333333333333,0.833333333333,0.0,0.166666666667,0.0,0.833333333333
Brownie-Veggies-1550304,,,,,,
Brownie-Walnut-Pie-1591943,,,,,,
Brownie-banana-bread-cupcakes-333565,0.166666666667,0.5,0.0,0.5,0.166666666667,0.833333333333
Brownie-in-a-Mug-1222579,0.166666666667,0.333333333333,0.0,0.166666666667,0.0,0.833333333333
Brownie-in-a-Mug-626050,0.166666666667,0.166666666667,0.0,0.166666666667,0.166666666667,0.833333333333
Brownies-1269215,0.666666666667,0.833333333333,0.0,0.833333333333,0.166666666667,0.833333333333
Brownies-531586,,,,,,
Brownies-631879,0.666666666667,0.833333333333,0.0,0.333333333333,0.166666666667,0.833333333333
Brownies-In-A-Jar-Allrecipes,0.833333333333,0.166666666667,0.0,0.833333333333,0.166666666667,0.833333333333
Brownies-with-Sea-Salt-494700,0.5,0.833333333333,0.0,0.333333333333,0.166666666667,0.833333333333
Buddy-Valastros-Brownies-1122693,0.166666666667,0.166666666667,0.0,0.166666666667,0.0,0.833333333333
Buried-Treasure-Brownies-782541,,,,,,
Butterfinger-Cheesecake-Brownies-1563722,,,,,,
Butterscotch-Cheesecake-Brownies-1074422,0.166666666667,0.833333333333,0.0,0.166666666667,0.0,0.833333333333
Butterscotch-brownies-365333,0.666666666667,0.833333333333,0.0,0.333333333333,0.0,0.833333333333
Cadbury-Cream-Egg-Brownies-_from-scratch_-1548685,,,,,,
Cadbury-Egg-Brownies-1528720,,,,,,
Can_t-Tell-They_re-Low_fat-Brownies-Allrecipes,0.5,0.166666666667,0.0,0.166666666667,0.166666666667,0.833333333333
Candy-Topped-Brownie-Torte-1207121,,,,,,
Cappuccino-Cream-Cheese-Brownies-1107716,,,,,,
Caramel-Apple-Brownies-895955,0.166666666667,0.166666666667,0.0,0.166666666667,0.166666666667,0.833333333333
Caramel-Bourbon-Brownie-Milkshakes-1169032,,,,,,
Caramel-Crunch-Brownie-Skillet-1581566,0.833333333333,0.666666666667,0.0,0.5,0.166666666667,0.833333333333
Caramel-Pecan-_Turtle_-Brownies-478694,0.166666666667,0.833333333333,0.0,0.166666666667,0.166666666667,0.833333333333
Cheesecake-Brownie-1084864,,,,,,
Cheesecake-Brownie-1333267,,,,,,
Cheesecake-Brownies-1238973,0.166666666667,0.833333333333,0.0,0.166666666667,0.0,0.833333333333
Cheesecake-Brownies-1331930,0.5,0.833333333333,0.0,0.333333333333,0.0,0.833333333333
Cheesecake-Brownies-1405960,0.333333333333,0.833333333333,0.0,0.166666666667,0.166666666667,0.833333333333
Cheesecake-Brownies-1565294,0.166666666667,0.833333333333,0.0,0.666666666667,0.0,0.833333333333
Cheesecake-Brownies-489740,0.166666666667,0.666666666667,0.0,0.333333333333,0.0,0.833333333333
Cheesecake-Brownies-Martha-Stewart-192011,0.166666666667,0.666666666667,0.0,0.333333333333,0.0,0.833333333333
Cheesecake-Marbled-Brownies-571677,0.166666666667,0.5,0.0,0.166666666667,0.0,0.833333333333
Cheesecake-Swirl-Brownies-605003,0.5,0.666666666667,0.0,0.5,0.0,0.833333333333
Cherry-Chocolate-Chip-Brownies-1038304,0.166666666667,0.833333333333,0.0,0.166666666667,0.166666666667,0.833333333333
Chewy-Brownies-1021001,0.166666666667,0.166666666667,0.0,0.333333333333,0.0,0.833333333333
Chewy-Brownies-Allrecipes,0.166666666667,0.833333333333,0.0,0.166666666667,0.166666666667,0.833333333333
Chewy-Vegan-_-Paleo-Brownies-1282807,0.833333333333,0.833333333333,0.0,0.166666666667,0.0,0.833333333333
Chewy_-Fudgy-Triple-Chocolate-Brownies-475174,0.333333333333,0.666666666667,0.0,0.166666666667,0.0,0.833333333333
Chocolate-Brownie-Meets-Caramel-Fudge-1686859,0.833333333333,0.833333333333,0.0,0.333333333333,0.166666666667,0.833333333333
Chocolate-Brownies-Martha-Stewart,0.166666666667,0.833333333333,0.0,0.166666666667,0.166666666667,0.833333333333
Chocolate-Brownies-With-Salted-Caramel-Drizzle-1704883,0.666666666667,0.5,0.0,0.833333333333,0.666666666667,0.833333333333
Chocolate-Caramel-Brownies-1535466,0.833333333333,0.666666666667,0.0,0.833333333333,0.166666666667,0.833333333333
Chocolate-Cheesecake-Brownies-1126030,0.166666666667,0.666666666667,0.0,0.5,0.0,0.5
Chocolate-Cheesecake-Brownies-1171725,0.5,0.833333333333,0.0,0.666666666667,0.0,0.833333333333
Chocolate-Chip-Banana-Bread-Brownies-1533055,0.833333333333,0.166666666667,0.0,0.5,0.166666666667,0.666666666667
Chocolate-Chip-Brownies-1134187,0.666666666667,0.666666666667,0.0,0.833333333333,0.0,0.833333333333
Chocolate-Chip-Cookie-Brownie-Cups-1577742,0.166666666667,0.833333333333,0.0,0.5,0.166666666667,0.666666666667
Chocolate-Chip-Cookie-Brownie-Pie-1588815,0.166666666667,0.666666666667,0.0,0.166666666667,0.0,0.833333333333
Chocolate-Chip-Cookie-Brownies-902236,0.166666666667,0.666666666667,0.0,0.666666666667,0.0,0.833333333333
Chocolate-Coconut-Brownies-1591810,0.5,0.833333333333,0.0,0.333333333333,0.166666666667,0.833333333333
Chocolate-Ganache-Cookie-Dough-Brownies-1611220,0.166666666667,0.833333333333,0.0,0.166666666667,0.166666666667,0.833333333333
Chocolate-Hazelnut-Iced-Brownies-1031548,,,,,,
Chocolate-Mint-Brownie-Bites-1643617,,,,,,
Chocolate-Mint-Brownie-Milkshake-1028683,,,,,,
Chocolate-Mint-Brownie-Trifles-532500,,,,,,
Chocolate-Mint-Brownies-1007090,0.166666666667,0.333333333333,0.0,0.166666666667,0.166666666667,0.833333333333
Chocolate-Mint-Brownies-1599226,0.166666666667,0.666666666667,0.0,0.166666666667,0.0,0.833333333333
Chocolate-Pecan-Brownies-607305,0.333333333333,0.833333333333,0.0,0.166666666667,0.166666666667,0.833333333333
Chocolate-Raspberry-Brownie-Trifles-761904,,,,,,
Chocolate-Raspberry-Brownies-1358790,,,,,,
Chocolate-Zucchini-Brownies-1599163,0.5,0.833333333333,0.0,0.166666666667,0.166666666667,0.833333333333
Chocolate-_-Peanut-Butter-Lover_s-Brownies-895795,0.666666666667,0.833333333333,0.0,0.5,0.166666666667,0.833333333333
Chocolate_Ginger-Brownies-Martha-Stewart,0.166666666667,0.666666666667,0.0,0.166666666667,0.166666666667,0.833333333333
Christmas-Tree-Brownies-1362907,,,,,,
Chunks-Pepsi-Brownies-1125994,0.666666666667,0.166666666667,0.0,0.5,0.0,0.833333333333
Chunky-Cheesecake-Brownies-636549,0.333333333333,0.833333333333,0.0,0.333333333333,0.0,0.833333333333
Cinnamon-Brownies-TasteOfHome,0.666666666667,0.833333333333,0.0,0.333333333333,0.166666666667,0.833333333333
Cinnamon-Cacao-Brownies-593712,,,,,,
Cinnamon-S_mores-Brownies-1421179,0.166666666667,0.166666666667,0.0,0.5,0.0,0.833333333333
Clean-Raspberry-Mocha-Brownies-1113557,0.833333333333,0.166666666667,0.0,0.166666666667,0.333333333333,0.666666666667
Cocoa-Brownies-2_0-1196143,0.5,0.833333333333,0.0,0.166666666667,0.0,0.833333333333
Cocoa-Brownies-747250,0.666666666667,0.833333333333,0.0,0.666666666667,0.166666666667,0.833333333333
Coconut-Brownies-Sundae-1175674,0.5,0.833333333333,0.0,0.166666666667,0.166666666667,0.833333333333
Coconut-Butter-Brownies-623429,0.833333333333,0.666666666667,0.0,0.833333333333,0.0,0.833333333333
Coconut-Flour-Brownies-751287,0.5,0.833333333333,0.0,0.166666666667,0.166666666667,0.833333333333
Coconut-brownies-356759,0.833333333333,0.833333333333,0.0,0.833333333333,0.166666666667,0.833333333333
Cookie-Dough-Brownie-Bars-1013780,,,,,,
Cookie-Dough-Brownie-Cake-622307,0.166666666667,0.666666666667,0.0,0.166666666667,0.166666666667,0.833333333333
Cookie-Dough-Brownie-Cookies-1078050,,,,,,
Cookie-Dough-Brownies-1165386,0.5,0.666666666667,0.0,0.666666666667,0.166666666667,0.833333333333
Cookie-Dough-Brownies-1581246,0.166666666667,0.666666666667,0.0,0.166666666667,0.166666666667,0.833333333333
Cookie-Dough-Brownies-995507,,,,,,
Cookie-Dough-Brownies-_recipe_-1630682,0.333333333333,0.666666666667,0.0,0.666666666667,0.166666666667,0.833333333333
Cookie-Dough-Fudge-Brownies-636117,0.166666666667,0.666666666667,0.0,0.333333333333,0.166666666667,0.833333333333
Cookie-Stuffed-Brownie-Cupcakes-1110394,,,,,,
Cookies-and-Cream-Brownies-1493343,0.666666666667,0.666666666667,0.0,0.5,0.0,0.833333333333
Cookies-and-Cream-Cheesecake-Brownies-1124190,,,,,,
Cookies-n-Cream-Oreo-Fudge-Brownies-1278040,0.166666666667,0.333333333333,0.0,0.666666666667,0.0,0.5
Copycat-Cosmic-Brownies-1016830,0.666666666667,0.833333333333,0.0,0.5,0.333333333333,0.833333333333
Copycat-Cosmic-Brownies-1513820,0.166666666667,0.833333333333,0.0,0.166666666667,0.166666666667,0.833333333333
Copycat-Wendy_s-Frosty-1695928,,,,,,
Copycat-Zupas-Rockslide-Brownies-938965,0.5,0.666666666667,0.0,0.666666666667,0.166666666667,0.833333333333
Cream-Cheese-Brownie-Cookies-995318,0.333333333333,0.833333333333,0.0,0.5,0.166666666667,0.666666666667
Cream-Cheese-Brownies-1438096,0.166666666667,0.666666666667,0.0,0.5,0.0,0.833333333333
Cream-Cheese-Brownies-TasteOfHome,,,,,,
Crock-Pot-Chocolate-Fudge-Brownie-1513453,0.166666666667,0.5,0.0,0.166666666667,0.0,0.833333333333
Crustless-Brownie-Pie-1048137,0.166666666667,0.833333333333,0.0,0.166666666667,0.166666666667,0.833333333333
Cupcake-Brownie-with-Funnel-Cake-_-Caramel-Sauce-1259664,0.166666666667,0.5,0.0,0.333333333333,0.166666666667,0.833333333333
Dark-Chocolate-Brownies-AllRecipes-39595,,,,,,
Dark-Chocolate-Brownies-My-Recipes_1,0.333333333333,0.833333333333,0.0,0.166666666667,0.166666666667,0.833333333333
Dark-Chocolate-Brownies-with-Rhubarb-and-Rose-Ice-Cream-1700816,,,,,,
Dark-Chocolate-Peppermint-Brownies-1258574,0.333333333333,0.833333333333,0.0,0.166666666667,0.166666666667,0.833333333333
Dark-_-Spicy-Fudge-Brownies-1013809,0.333333333333,0.666666666667,0.666666666667,0.333333333333,0.0,0.833333333333
Death-by-Chocolate-Brownies-1206879,0.833333333333,0.333333333333,0.0,0.166666666667,0.166666666667,0.833333333333
Delectable-Low-Carb-Brownies-1463929,0.833333333333,0.333333333333,0.0,0.833333333333,0.166666666667,0.5
Delicious-Healthy-Brownies-980878,0.833333333333,0.833333333333,0.0,0.0,0.166666666667,0.833333333333
Delicious-Sweet-Potato-Brownies-1562012,,,,,,
Derby-Pie-Brownies-1618768,0.333333333333,0.833333333333,0.0,0.166666666667,0.166666666667,0.833333333333
Diet-Yogurt-Oatmeal-Brownie-1624983,,,,,,
Double-Chocolate-Brownies-1523754,0.166666666667,0.666666666667,0.0,0.5,0.0,0.833333333333
Double-Chocolate-Brownies-632772,0.166666666667,0.666666666667,0.0,0.166666666667,0.0,0.833333333333
Double-Chocolate-Brownies-748457,0.166666666667,0.666666666667,0.0,0.166666666667,0.0,0.833333333333
Double-Chocolate-Snickers-Brownies-982403,,,,,,
Double-chocolate-cherry-quinoa-brownies-314514,0.166666666667,0.5,0.0,0.5,0.166666666667,0.833333333333
EPIC-Rocky-Road-Brownies-1362984,0.166666666667,0.5,0.0,0.166666666667,0.166666666667,0.833333333333
Easter-Mini-Eggs-Brownies-1549569,0.166666666667,0.833333333333,0.0,0.166666666667,0.0,0.833333333333
Easy-5-Ingredient-Brownies_how-to-make-5-ingredient-brownies-1523687,0.333333333333,0.833333333333,0.0,0.166666666667,0.0,0.833333333333
Easy-Brownie-Cake-Pops-1389948,,,,,,
Easy-Brownies-1438084,0.5,0.833333333333,0.0,0.333333333333,0.0,0.833333333333
Easy-Homemade-Saucepan-Brownies-1511395,0.166666666667,0.833333333333,0.0,0.166666666667,0.0,0.833333333333
Easy-Mini-Brownies-1490811,0.166666666667,0.833333333333,0.0,0.166666666667,0.166666666667,0.833333333333
Easy-Mini-Minty-Brownies-1439804,0.166666666667,0.833333333333,0.0,0.5,0.0,0.666666666667
Espresso-Brownies-With-Espresso-Frosting-1330049,,,,,,
Espresso-Liqueur-Brownie-Pudding-1217053,0.166666666667,0.166666666667,0.0,0.166666666667,0.166666666667,0.833333333333
Espresso-Shortbread-Brownie-Bars-1020324,0.166666666667,0.666666666667,0.0,0.666666666667,0.0,0.833333333333
Extra-Nutty-Dark-Chocolate-Brownies-1016693,0.333333333333,0.833333333333,0.0,0.333333333333,0.166666666667,0.833333333333
Extremely-Simple-Keto-Microwave-Brownies-1248096,,,,,,
Fatfree-and-Fabulous-Fudgy-Brownies-480972,0.166666666667,0.166666666667,0.0,0.166666666667,0.166666666667,0.833333333333
Five-Ingredient-Guinness-Brownies-1541991,,,,,,
Floating-Brownie-Allrecipes,0.166666666667,0.166666666667,0.0,0.166666666667,0.166666666667,0.833333333333
Flourless-Brownies-1091932,0.833333333333,0.833333333333,0.0,0.166666666667,0.5,0.833333333333
Flourless-Brownies-970892,0.666666666667,0.666666666667,0.0,0.166666666667,0.166666666667,0.833333333333
Flourless-Chocolate-Brownies-1047139,0.5,0.833333333333,0.0,0.166666666667,0.0,0.833333333333
Flourless-Chocolate-Brownies-1067280,0.166666666667,0.833333333333,0.0,0.166666666667,0.166666666667,0.833333333333
Flourless-Mexican-Brownies-1101919,0.166666666667,0.666666666667,0.666666666667,0.166666666667,0.166666666667,0.833333333333
Fluffernutter-Fudge-Brownies-1367043,,,,,,
Food-Babe_s-Almond-Butter-Brownies-628132,0.833333333333,0.833333333333,0.0,0.833333333333,0.166666666667,0.833333333333
Frankenstein-Brownies-1339446,,,,,,
Frosted-Chocolate-Brownies-1004464,0.166666666667,0.5,0.0,0.333333333333,0.166666666667,0.833333333333
Frosted-zucchini-brownies-370135,0.166666666667,0.666666666667,0.0,0.666666666667,0.166666666667,0.833333333333
Fruitcake-Brownies-1443587,0.166666666667,0.333333333333,0.0,0.166666666667,0.166666666667,0.833333333333
Fudge-Brownie-Cupcakes-with-Cookie-Dough-Frosting-625319,0.166666666667,0.833333333333,0.0,0.333333333333,0.166666666667,0.833333333333
Fudge-Brownies-1405511,0.833333333333,0.833333333333,0.0,0.333333333333,0.0,0.666666666667
Fudge-Brownies-1551895,0.833333333333,0.833333333333,0.0,0.666666666667,0.0,0.833333333333
Fudge-Ripple-Pecan-Brownies-1509350,0.333333333333,0.833333333333,0.0,0.5,0.166666666667,0.833333333333
Fudgey-Walnut-Brownies-750008,0.166666666667,0.833333333333,0.0,0.166666666667,0.166666666667,0.833333333333
Fudgey-brownie-cupcakes-333518,0.166666666667,0.166666666667,0.0,0.166666666667,0.0,0.833333333333
Fudgiest-Espresso-Cashew-Brownies-443248,,,,,,
Fudgy-Avocado-Brownies-with-Avocado-Frosting-1571564,0.833333333333,0.666666666667,0.0,0.166666666667,0.333333333333,0.833333333333
Fudgy-Brownie-592626,0.5,0.833333333333,0.0,0.666666666667,0.0,0.833333333333
Fudgy-Brownie-Ice-Cream-Sandwiches-1171271,0.166666666667,0.5,0.0,0.166666666667,0.166666666667,0.833333333333
Fudgy-Brownie-Waffles-930590,,,,,,
Fudgy-Brownies-1239320,0.166666666667,0.333333333333,0.0,0.166666666667,0.166666666667,0.833333333333
Fudgy-Brownies-1328772,0.166666666667,0.666666666667,0.0,0.166666666667,0.0,0.833333333333
Fudgy-Brownies-1475679,0.333333333333,0.833333333333,0.0,0.5,0.0,0.833333333333
Fudgy-Brownies-1512914,0.333333333333,0.666666666667,0.0,0.666666666667,0.0,0.833333333333
Fudgy-Brownies-My-Recipes,0.666666666667,0.5,0.0,0.666666666667,0.0,0.833333333333
Fudgy-Frosted-Brownies-1569010,0.333333333333,0.5,0.0,0.5,0.166666666667,0.833333333333
Fudgy-Gluten-Free-Vegan-Brownie-Bites-_-with-Among-Friends-Baking-Mixes-_-1690051,,,,,,
Fudgy-Homemade-Brownies-1275958,0.666666666667,0.833333333333,0.0,0.666666666667,0.0,0.833333333333
Fudgy-Homemade-Brownies-_Croissants_-Signature-Brownies_-1569769,0.166666666667,0.833333333333,0.0,0.166666666667,0.166666666667,0.833333333333
Fudgy-Jam-Brownies-1217304,0.666666666667,0.333333333333,0.0,0.333333333333,0.166666666667,0.833333333333
Fudgy-Mint-Meltaway-Brownies-534953,,,,,,
Fudgy-Strawberry-Shortbread-Brownies-1053588,0.333333333333,0.166666666667,0.0,0.166666666667,0.833333333333,0.833333333333
Fudgy-Vegan-Brownies-1688517,0.666666666667,0.333333333333,0.0,0.5,0.166666666667,0.833333333333
Fudgy-brownies-369453,0.666666666667,0.833333333333,0.0,0.166666666667,0.0,0.833333333333
Gails-Fudge-Brownies-1170681,0.166666666667,0.833333333333,0.0,0.166666666667,0.0,0.833333333333
German-Chocolate-Brownies-1306639,0.166666666667,0.833333333333,0.0,0.166666666667,0.166666666667,0.666666666667
German-Chocolate-Brownies-965143,0.166666666667,0.833333333333,0.0,0.166666666667,0.166666666667,0.833333333333
Gianduia-Brownies-489789,0.5,0.833333333333,0.0,0.166666666667,0.166666666667,0.833333333333
Gingersnap-Molasses-Brownies-1304303,0.666666666667,0.666666666667,0.0,0.166666666667,0.166666666667,0.833333333333
Gluten-Free-Brownie-Cake-1633030,0.833333333333,0.666666666667,0.0,0.833333333333,0.166666666667,0.833333333333
Gluten-Free-Brownie-Trifle-1632733,,,,,,
Gluten-Free-Brownies-with-Mocha-Frosting-1110921,,,,,,
Gluten-Free-Chocolate-Chip-Cookie-Dough-Frosting-1696243,,,,,,
Gluten-Free-Double-Chocolate-Raspberry-Brownies-1594658,,,,,,
Gluten-Free-Fudgy-Brownie-Cupcakes-1698905,0.333333333333,0.833333333333,0.0,0.666666666667,0.166666666667,0.833333333333
Gluten-Free-Fudgy-Brownies-1049169,0.5,0.833333333333,0.0,0.166666666667,0.166666666667,0.833333333333
Gluten-free-chocolate-brownies-307048,0.666666666667,0.833333333333,0.0,0.333333333333,0.166666666667,0.833333333333
Gluten_-Grain_-_-Dairy-Free-Fudgy-Bean-Brownies-1685101,0.833333333333,0.833333333333,0.0,0.5,0.166666666667,0.833333333333
Grilled-S_more-Brownie-1269836,,,,,,
Guinness-Stout-Brownies-1368868,0.5,0.666666666667,0.0,0.166666666667,0.166666666667,0.833333333333
Hazelnut-Brownie-Batter-Overnight-Oats-1561466,0.833333333333,0.333333333333,0.0,0.5,0.166666666667,0.333333333333
Hazelnut-Cinnamon-Brownies-474219,0.333333333333,0.833333333333,0.0,0.333333333333,0.166666666667,0.833333333333
Healthy-Blondie-Brownies-1475314,0.833333333333,0.833333333333,0.0,0.833333333333,0.0,0.833333333333
Healthy-Brownie-Batter-Dip-1113795,,,,,,
Healthy-Brownie-Recipe-_-Applesauce-Brownies-896752,0.5,0.166666666667,0.0,0.166666666667,0.166666666667,0.833333333333
Healthy-Brownies-1185311,0.833333333333,0.833333333333,0.0,0.166666666667,0.166666666667,0.833333333333
Healthy-Chocolate-Chunk-Brownies-1067790,0.333333333333,0.166666666667,0.0,0.166666666667,0.166666666667,0.833333333333
Heart-Cream-Filled-Brownies-1449033,,,,,,
Heart-Shaped-Brownies-1454348,,,,,,
Heath-Bar-Saucepan-Brownies-1614662,,,,,,
Homemade-Fudgy-Brownies-1379280,0.666666666667,0.833333333333,0.0,0.666666666667,0.0,0.833333333333
Hot-Fudge-Brownies-1364152,0.166666666667,0.333333333333,0.0,0.333333333333,0.166666666667,0.666666666667
Ina-Gartens-Outrageous-Brownies-1023430,,,,,,
Irish-Cream-Brownies-Allrecipes,0.166666666667,0.666666666667,0.0,0.333333333333,0.0,0.833333333333
Irish-Cream-Swirl-Brownies-1038204,0.166666666667,0.5,0.0,0.5,0.0,0.5
Jamaican-Coffee-Brownies-With-Pecans-Epicurious,,,,,,
Joan_s-Lunch-Lady-Brownies-1354504,0.166666666667,0.166666666667,0.0,0.166666666667,0.166666666667,0.833333333333
Keto-Brownies-1378345,0.5,0.833333333333,0.0,0.333333333333,0.166666666667,0.166666666667
KitKat-Brownie-Bars-1171290,,,,,,
Leaky-Cauldron-Brownies-Halloween-Dessert-1079213,0.166666666667,0.833333333333,0.0,0.166666666667,0.166666666667,0.666666666667
Lemon-Blondies_-a-light-and-dairy-free-version-of-Brownies-1125090,0.166666666667,0.166666666667,0.0,0.666666666667,0.833333333333,0.666666666667
Lemon-Brownies-1069120,0.833333333333,0.5,0.0,0.833333333333,0.166666666667,0.833333333333
Lemon-Brownies-1598800,0.166666666667,0.5,0.0,0.5,0.166666666667,0.833333333333
Lemonade-Brownies-885453,0.166666666667,0.5,0.0,0.166666666667,0.666666666667,0.833333333333
Lindor-Truffle-Brownies-1431574,0.333333333333,0.833333333333,0.0,0.5,0.0,0.833333333333
Lindt-Truffle-Brownies-1195592,0.333333333333,0.833333333333,0.0,0.666666666667,0.166666666667,0.833333333333
Love-Letter-Brownies-1480879,,,,,,
Lunch-Lady-Brownies-1272438,0.333333333333,0.666666666667,0.0,0.166666666667,0.166666666667,0.833333333333
Lunch-Lady-Brownies-1312476,0.166666666667,0.5,0.0,0.166666666667,0.166666666667,0.833333333333
MARSHMALLOW-BROWNIES-1127821,0.166666666667,0.5,0.0,0.5,0.166666666667,0.833333333333
MEXICAN-BROWNIES-1251598,0.166666666667,0.666666666667,0.833333333333,0.166666666667,0.166666666667,0.833333333333
M_M_S-Marbled-Brownies-1453336,0.333333333333,0.5,0.0,0.666666666667,0.0,0.666666666667
Magic-Bar-Brownies-1127169,0.333333333333,0.833333333333,0.0,0.166666666667,0.166666666667,0.833333333333
Marbled-Pumpkin-Chocolate-Brownies-1364556,0.166666666667,0.166666666667,0.0,0.166666666667,0.166666666667,0.666666666667
Mark-Bittman_s-Brownies-Serious-Eats-280882,0.5,0.833333333333,0.0,0.333333333333,0.0,0.833333333333
Marshmallow-Brownie-Cookies-1047637,0.166666666667,0.5,0.0,0.333333333333,0.0,0.666666666667
Marshmallow-Brownies-with-Salted-Almonds-685094,0.166666666667,0.666666666667,0.0,0.166666666667,0.0,0.833333333333
Mexican-Brownies-576677,0.166666666667,0.666666666667,0.833333333333,0.166666666667,0.166666666667,0.833333333333
Microwave-Coffee-Mug-Brownies-1227634,0.166666666667,0.166666666667,0.0,0.5,0.0,0.833333333333
Midnight-Dark-Chocolate-Brownies-899296,0.833333333333,0.166666666667,0.0,0.5,0.166666666667,0.833333333333
Midnight-Molten-Brownie-Cupcakes-1270794,0.166666666667,0.833333333333,0.0,0.666666666667,0.0,0.333333333333
Midnight-Molten-Brownie-Cupcakes-759060,0.166666666667,0.833333333333,0.0,0.666666666667,0.0,0.333333333333
Mile-High-Guinness-Brownies-with-Guinness-Buttercream-Frosting-1583239,,,,,,
Mini-Brownie-Fruit-Pizzas-with-Cream-Cheese-Frosting-1683298,0.166666666667,0.666666666667,0.0,0.166666666667,0.166666666667,0.833333333333
Mini-Grasshopper-Brownie-Delights-1236285,,,,,,
Mint-Brownies-with-Chocolate-Ganache-1016482,0.166666666667,0.833333333333,0.0,0.166666666667,0.166666666667,0.833333333333
Mississippi-Mud-Brownies-1092242,0.166666666667,0.333333333333,0.0,0.166666666667,0.166666666667,0.833333333333
Mississippi-Mud-Brownies-482443,0.166666666667,0.333333333333,0.0,0.166666666667,0.166666666667,0.833333333333
Mississippi-mud-brownies-_a_k_a_-the-tim-riggins-brownie_-371018,0.166666666667,0.333333333333,0.0,0.333333333333,0.166666666667,0.833333333333
Mocha-Brownie-Cookies-469910,0.5,0.833333333333,0.0,0.666666666667,0.166666666667,0.166666666667
Mocha-Brownies-482384,0.5,0.833333333333,0.0,0.333333333333,0.0,0.833333333333
Mocha-Brownies-622258,,,,,,
Mocha-Brownies-with-coffee-frosting-and-oreos-1571367,0.5,0.666666666667,0.0,0.666666666667,0.0,0.833333333333
Mocha-Chip-Brownies-1101593,0.166666666667,0.666666666667,0.0,0.166666666667,0.0,0.833333333333
Mocha-Fudge-Skillet-Brownies-1258487,0.166666666667,0.833333333333,0.0,0.5,0.0,0.833333333333
Mocha-Walnut-Brownies-1324730,,,,,,
My-Favorite-Fudgy-Brownies-677625,0.166666666667,0.666666666667,0.0,0.333333333333,0.0,0.833333333333
NIGEL-SLATERS-BROWNIES-1520433,,,,,,
Nannys-Best-Chocolate-Brownie-Muffins-1300337,0.166666666667,0.833333333333,0.0,0.166666666667,0.0,0.833333333333
Nannys-Chocolate-Fudge-Brownie-Cake-1622634,,,,,,
No-Bake-Brownies-771069,,,,,,
No-Bake-Brownies-with-Fudgy-Fat-Free-Frosting-1598387,,,,,,
No-Guilt-Brownies-1563066,0.5,0.833333333333,0.0,0.166666666667,0.0,0.666666666667
Nougat-Stuffed-Brownie-Bites-1679517,0.166666666667,0.666666666667,0.0,0.166666666667,0.166666666667,0.833333333333
Nourished-Brownies-1262604,0.833333333333,0.833333333333,0.0,0.666666666667,0.166666666667,0.833333333333
Nutella-Lava-Brownies-678169,0.166666666667,0.333333333333,0.0,0.666666666667,0.0,0.333333333333
Nutella-Salted-Shortbread-Brownies-489825,0.166666666667,0.833333333333,0.0,0.333333333333,0.0,0.833333333333
Oatmeal-Brownies-896924,0.166666666667,0.666666666667,0.0,0.166666666667,0.166666666667,0.833333333333
Oh-So-Fudgey-Brownies-965391,0.666666666667,0.833333333333,0.0,0.666666666667,0.0,0.833333333333
Oh-So-Good-Brownies-769334,0.333333333333,0.833333333333,0.0,0.166666666667,0.166666666667,0.833333333333
One-Bowl-Brownies-1514273,0.166666666667,0.666666666667,0.0,0.166666666667,0.0,0.833333333333
Ooey-Gooey-Dulce-de-Leche-Brownies-579855,0.666666666667,0.5,0.0,0.5,0.166666666667,0.833333333333
Ooey-Gooey-Quadruple-Fudge-Brownies-1600393,0.166666666667,0.666666666667,0.0,0.166666666667,0.166666666667,0.833333333333
Oreo-Brownies-From-Scratch-1594543,0.833333333333,0.833333333333,0.0,0.833333333333,0.0,0.833333333333
Oreo-Cream-Cheese-Brownies-970001,,,,,,
Oreo-Crunch-Brownies-with-a-Peanut-Butter-Chocolate-Frosting-1626221,0.5,0.833333333333,0.0,0.5,0.0,0.833333333333
Outrageous-Brownies-1221027,0.833333333333,0.833333333333,0.0,0.5,0.166666666667,0.833333333333
Outrageously-Peanutty-Snickers-Brownies-1156620,0.666666666667,0.833333333333,0.0,0.5,0.166666666667,0.833333333333
PB_J-Brownies-781371,0.666666666667,0.833333333333,0.0,0.5,0.166666666667,0.833333333333
PHILADELPHIA-Marble-Brownies-533517,0.166666666667,0.666666666667,0.0,0.5,0.0,0.666666666667
Paleo-Banana-Brownies-1536334,,,,,,
Paleo-Hazelnut-Skillet-Brownie-for-Two-1002756,0.833333333333,0.5,0.0,0.833333333333,0.0,0.833333333333
Peanut-Butter-Blondies-1026176,0.166666666667,0.833333333333,0.0,0.333333333333,0.0,0.833333333333
Peanut-Butter-Cup-Brownies-470005,,,,,,
Peanut-Butter-Cup-Crack-Brownies-1276419,0.5,0.833333333333,0.0,0.5,0.166666666667,0.833333333333
Peanut-Butter-Nutella-Brownies-975349,0.166666666667,0.666666666667,0.0,0.166666666667,0.0,0.666666666667
Peanut-Butter-Smores-Brownies-519697,0.166666666667,0.833333333333,0.0,0.333333333333,0.0,0.833333333333
Peanut-Butter-Streusel-Brownies-489810,0.166666666667,0.833333333333,0.0,0.166666666667,0.0,0.833333333333
Peanut-Butter-Swirl-Brownies-1059573,0.166666666667,0.833333333333,0.0,0.833333333333,0.0,0.833333333333
Peanut-Butter-Swirl-Brownies-1310600,0.833333333333,0.833333333333,0.0,0.666666666667,0.0,0.833333333333
Peanut-Butter-Swirl-Brownies-483167,0.5,0.833333333333,0.0,0.666666666667,0.0,0.833333333333
Peanut-Butter-Truffle-Brownies-1045724,0.166666666667,0.833333333333,0.0,0.333333333333,0.166666666667,0.833333333333
Peanut-butter-fudge-brownie-trifle-333553,,,,,,
Peanutty-Brownie-Bars-1023625,0.333333333333,0.833333333333,0.0,0.5,0.166666666667,0.833333333333
Pecan-Brownie-Brittle-625737,0.166666666667,0.333333333333,0.0,0.5,0.0,0.833333333333
Peppermint-Bark-Brownies-1391687,0.166666666667,0.333333333333,0.0,0.666666666667,0.166666666667,0.166666666667
Peppermint-Brownies-1424560,,,,,,
Peppermint-Brownies-475322,,,,,,
Peppermint-Brownies-573844,0.166666666667,0.833333333333,0.0,0.166666666667,0.0,0.833333333333
Peppermint-Chocolate-Fudge-Brownies-With-Essential-Oils-1131833,,,,,,
Peppermint-Cloud-Brownies-607505,0.166666666667,0.666666666667,0.0,0.166666666667,0.166666666667,0.833333333333
Peppermint-Frosted-Brownies-1366480,,,,,,
Peppermint-Patty-Brownies-Allrecipes,,,,,,
Perfect-Brownie-Cookie-1185310,0.166666666667,0.166666666667,0.0,0.166666666667,0.166666666667,0.833333333333
Perfect-Brownie-Cookie-1583237,0.166666666667,0.166666666667,0.0,0.166666666667,0.166666666667,0.833333333333
Perfect-Brownies-1207699,0.166666666667,0.166666666667,0.0,0.333333333333,0.166666666667,0.833333333333
Perfect-Brownies-Martha-Stewart-196998,0.166666666667,0.833333333333,0.0,0.166666666667,0.166666666667,0.833333333333
Perfect-Brownies-_For-that-Chocolate-_Fix__-1245613,0.666666666667,0.666666666667,0.0,0.833333333333,0.0,0.833333333333
Perfect-chocolate-brownies-371054,0.333333333333,0.666666666667,0.0,0.333333333333,0.0,0.833333333333
Popcorn-Brownies-1244374,0.5,0.833333333333,0.0,0.166666666667,0.166666666667,0.833333333333
Pumpkin-Brownies-1289353,0.666666666667,0.833333333333,0.0,0.666666666667,0.166666666667,0.833333333333
Pumpkin-Brownies-1483716,,,,,,
Pumpkin-Brownies_-From-Scratch-1561272,0.666666666667,0.166666666667,0.0,0.333333333333,0.166666666667,0.833333333333
Pumpkin-Cheesecake-Swirl-Brownies-461449,0.166666666667,0.833333333333,0.0,0.166666666667,0.166666666667,0.833333333333
Pumpkin-Chocolate-Brownie_-1679563,0.5,0.833333333333,0.0,0.666666666667,0.166666666667,0.833333333333
Pumpkin-Swirl-Brownies-1336219,0.166666666667,0.5,0.0,0.166666666667,0.166666666667,0.833333333333
Quinoa-Brownies-991196,0.833333333333,0.833333333333,0.0,0.333333333333,0.166666666667,0.833333333333
Rainbow-Cosmic-Brownie-Batter-Popsicle-1691100,,,,,,
Rainbow-and-Pot-of-Gold-Brownies-1535128,,,,,,
Raspberry-Cheesecake-Brownie-992066,0.166666666667,0.666666666667,0.0,0.166666666667,0.166666666667,0.833333333333
Raspberry-Cheesecake-Brownies-1484709,0.166666666667,0.333333333333,0.0,0.166666666667,0.166666666667,0.666666666667
Raspberry-Cheesecake-Brownies-1503959,0.333333333333,0.833333333333,0.0,0.333333333333,0.166666666667,0.833333333333
Raspberry-Cheesecake-Swirl-Brownies-1511063,0.166666666667,0.666666666667,0.0,0.166666666667,0.166666666667,0.833333333333
Raspberry-Mint-Brownies-1247752,0.5,0.833333333333,0.0,0.166666666667,0.333333333333,0.833333333333
Raspberry-Mocha-Brownies-1179888,0.166666666667,0.666666666667,0.0,0.166666666667,0.166666666667,0.833333333333
Raspberry-Truffle-Brownies-473157,0.666666666667,0.5,0.0,0.333333333333,0.166666666667,0.833333333333
Raspberry_spiked-Chocolate-Brownies-Epicurious_1,0.333333333333,0.833333333333,0.0,0.166666666667,0.333333333333,0.833333333333
Raw-Brownies-1507634,0.833333333333,0.833333333333,0.0,0.0,0.166666666667,0.833333333333
Raw-Hazelnut-_-Chai-Brownies-1279425,0.833333333333,0.666666666667,0.0,0.166666666667,0.166666666667,0.833333333333
Raw-Vegan-Coconut-Brownies-1328202,0.833333333333,0.666666666667,0.0,0.166666666667,0.0,0.833333333333
Raw-Vegan-Healthy-Brownie-1009435,0.833333333333,0.666666666667,0.0,0.0,0.166666666667,0.833333333333
Red-Velvet-Brownies-1492412,0.666666666667,0.5,0.0,0.833333333333,0.166666666667,0.833333333333
Red-Velvet-Cheesecake-Brownies-1052092,0.166666666667,0.5,0.0,0.166666666667,0.166666666667,0.833333333333
Red-Velvet-Oreo-Truffle-Brownies-1017214,,,,,,
Red_-White-and-Blue-Candy-Topped-Brownies-1093247,,,,,,
Red_-White-and-Blue-Candy-Topped-Brownies-1545675,,,,,,
Reese_s-Cheesecake-Brownies-1018551,0.5,0.833333333333,0.0,0.333333333333,0.166666666667,0.833333333333
Reese_s-Peanut-Butter-Cup-Explosion-Brownies-1289086,0.833333333333,0.833333333333,0.0,0.833333333333,0.166666666667,0.833333333333
Reeses-Peanut-Butter-Cup-Brownies-1523139,,,,,,
Resolution-Brownies-1190597,0.833333333333,0.833333333333,0.0,0.5,0.0,0.833333333333
Rice-Krispie-_-Peanut-Butter-Cup-Brownies-489264,0.166666666667,0.833333333333,0.0,0.166666666667,0.166666666667,0.833333333333
Rich-and-Gooey-Fudge-Brownies-1461706,0.666666666667,0.833333333333,0.0,0.333333333333,0.0,0.833333333333
Roasted-Cherry-Brownies-470770,0.166666666667,0.5,0.0,0.166666666667,0.166666666667,0.833333333333
Roasted-apples-n_-cream-caramel-topped-brownies-334841,,,,,,
Roberts-Fudgy-Brownies-by-barbmyers-992377,0.166666666667,0.833333333333,0.0,0.166666666667,0.166666666667,0.833333333333
Rocky-Road-Brownie-Cookies-1594874,0.333333333333,0.833333333333,0.0,0.166666666667,0.166666666667,0.833333333333
Rocky-Road-Brownies-442636,0.166666666667,0.833333333333,0.0,0.166666666667,0.166666666667,0.833333333333
Rocky-Road-Brownies-Martha-Stewart,0.166666666667,0.666666666667,0.0,0.166666666667,0.0,0.833333333333
Rolo-Brownie-Pizza-1202703,,,,,,
Rose-Bakery-Brownies-782461,0.166666666667,0.833333333333,0.0,0.166666666667,0.166666666667,0.833333333333
S_mores-Brownies-757819,0.166666666667,0.666666666667,0.0,0.166666666667,0.0,0.833333333333
Salted-Caramel-Brownie-Bites-903037,0.5,0.5,0.0,0.833333333333,0.166666666667,0.666666666667
Salted-Caramel-Brownies-1047966,0.333333333333,0.5,0.0,0.833333333333,0.166666666667,0.833333333333
Salted-Caramel-Chocolate-Brownies-1617233,0.833333333333,0.833333333333,0.0,0.833333333333,0.166666666667,0.833333333333
Salted-Caramel-Stuffed-Fudgy-Brownies-1256312,0.166666666667,0.333333333333,0.0,0.166666666667,0.0,0.833333333333
Salted-Caramel-Twix-Brownies-770014,0.5,0.666666666667,0.0,0.666666666667,0.0,0.833333333333
Salted-Caramel-_-Brownie-Trifle-1615815,0.166666666667,0.666666666667,0.0,0.166666666667,0.166666666667,0.833333333333
Salted-Chocolate-Brownies-580832,,,,,,
Salted-Fudge-Brownies-489994,0.166666666667,0.666666666667,0.0,0.166666666667,0.0,0.833333333333
Salted-Olive-Oil-Brownies-1041073,0.166666666667,0.833333333333,0.0,0.166666666667,0.0,0.833333333333
Salty-Brownie-Tassies-489972,0.166666666667,0.833333333333,0.0,0.666666666667,0.166666666667,0.833333333333
Samoa-Brownie-Bars-978764,,,,,,
Samoa-Brownies-1492899,0.666666666667,0.833333333333,0.0,0.5,0.166666666667,0.833333333333
Samoas-Brownies-1366905,0.5,0.833333333333,0.0,0.166666666667,0.166666666667,0.833333333333
Simply-Fudgy-Brownies-TasteOfHome,0.166666666667,0.833333333333,0.0,0.166666666667,0.166666666667,0.833333333333
Skillet-Brownies-1059888,0.833333333333,0.833333333333,0.0,0.666666666667,0.166666666667,0.5
Skillet-Rocky-Road-Brownie-1613313,,,,,,
Skinny-3-Ingredient-Pumpkin-Spice-Brownies-1536691,0.166666666667,0.166666666667,0.0,0.666666666667,0.166666666667,0.166666666667
Skinny-Brownies-624922,0.5,0.833333333333,0.0,0.5,0.166666666667,0.5
Skinny-Healthy-Brownies-_vegan_-986928,0.5,0.333333333333,0.0,0.166666666667,0.166666666667,0.833333333333
Slow-Cooker-Chocolate-Chip-Brownie-Cake-1612315,,,,,,
Slow-Cooker-Fudgy-Chocolate-Brownies-1579603,0.5,0.666666666667,0.0,0.333333333333,0.0,0.833333333333
Slow-Cooker-Triple-Chocolate-Brownies-Martha-Stewart-195081,0.5,0.833333333333,0.0,0.166666666667,0.166666666667,0.833333333333
Small-Batch-Brownies-1594144,0.666666666667,0.833333333333,0.0,0.666666666667,0.166666666667,0.833333333333
Small-Batch-Paleo-Almond-Flour-Brownies-with-Raspberries-1635480,0.5,0.833333333333,0.0,0.666666666667,0.166666666667,0.833333333333
Smores-Brownies-592444,,,,,,
Smores-Brownies-592723,,,,,,
Smores-Brownies-from-a-Mix-1213145,,,,,,
Snickers-Brownie-Football-633910,,,,,,
Snickers-Brownies-1471396,0.666666666667,0.666666666667,0.0,0.333333333333,0.166666666667,0.833333333333
Snickers-Brownies-924245,,,,,,
Spicy-Brownies-1333988,0.166666666667,0.5,0.833333333333,0.333333333333,0.166666666667,0.833333333333
Spring-celebration-brownies-370125,0.166666666667,0.166666666667,0.0,0.333333333333,0.166666666667,0.833333333333
Star-Spangled-Brownie-Pizza-1201169,0.166666666667,0.666666666667,0.0,0.166666666667,0.5,0.5
Strawberry-Marshmallow-Brownie-Sandwich-Cookies-1623834,0.5,0.5,0.0,0.333333333333,0.0,0.833333333333
Superfood-Brownies-1562788,,,,,,
Sweet-Potato-And-Dark-Chocolate-Brownies-1626327,0.5,0.666666666667,0.0,0.166666666667,0.166666666667,0.666666666667
Sweet-Potato-Brownies-676450,0.666666666667,0.666666666667,0.0,0.666666666667,0.166666666667,0.666666666667
Sweet-Potato-Brownies-684718,,,,,,
Symphony-Brownies-1338158,0.5,0.5,0.0,0.333333333333,0.166666666667,0.833333333333
TO-DIE-for-thin-mint-brownies-1499618,0.166666666667,0.5,0.0,0.5,0.166666666667,0.833333333333
Tahini-Swirl-Brownies-555260,0.666666666667,0.833333333333,0.0,0.5,0.0,0.833333333333
Terry_s-Chocolate-Orange-Brownies-1581109,0.166666666667,0.666666666667,0.0,0.166666666667,0.5,0.833333333333
The-Best-Brownie-Recipe-You-Will-Ever-Eat-1300300,0.666666666667,0.833333333333,0.0,0.333333333333,0.166666666667,0.833333333333
The-Best-Brownies-1190842,0.166666666667,0.5,0.0,0.333333333333,0.0,0.833333333333
The-Best-Ever-Outrageous-Brownies-1476661,0.166666666667,0.833333333333,0.0,0.333333333333,0.0,0.833333333333
The-Best-Fudgey-Brownies-1340148,,,,,,
The-Best-Fudgy_-Homemade-Dark-Chocolate-Brownies-From-Scratch-1174315,0.5,0.5,0.0,0.333333333333,0.0,0.833333333333
The-Best-Paleo-Brownies-_Gluten-Free-_-Grain-Free_-981128,0.833333333333,0.833333333333,0.0,0.166666666667,0.166666666667,0.666666666667
The-Fudgiest-Brownies-1480261,0.166666666667,0.833333333333,0.0,0.5,0.0,0.833333333333
The-Fudgiest-Brownies-on-Earth-1488715,0.333333333333,0.833333333333,0.0,0.166666666667,0.0,0.833333333333
The-Ultimate-Smores-Brownies-1563047,0.333333333333,0.666666666667,0.0,0.666666666667,0.0,0.833333333333
The-baked-brownie_-spiced-up-307223,0.333333333333,0.666666666667,0.833333333333,0.333333333333,0.166666666667,0.833333333333
Thin-Mint-Fudge-Brownies-1324994,,,,,,
Thin-Mint-Mississippi-Mud-Brownies-1017902,0.166666666667,0.333333333333,0.0,0.166666666667,0.0,0.833333333333
Thomas_s-Fudgy-Brownies-1615318,0.166666666667,0.666666666667,0.0,0.166666666667,0.0,0.833333333333
Throw-Together-Brownies-Allrecipes,0.166666666667,0.666666666667,0.0,0.333333333333,0.166666666667,0.5
Toffee-and-Chocolate-Chip-Brownies-1041329,0.333333333333,0.666666666667,0.0,0.166666666667,0.0,0.833333333333
Trick-or-Beet-Brownies-1367251,0.833333333333,0.833333333333,0.0,0.5,0.166666666667,0.833333333333
Triple-Chocolate-Brownie-Pie-471473,0.333333333333,0.666666666667,0.0,0.666666666667,0.0,0.5
Triple-Chocolate-Brownies-1224882,0.166666666667,0.5,0.0,0.166666666667,0.0,0.833333333333
Triple-Layer-Fudgy-Mint-Oreo-Brownies-483960,0.166666666667,0.5,0.0,0.166666666667,0.166666666667,0.833333333333
Triple-decker-peanut-butter-brownies-304962,0.333333333333,0.833333333333,0.0,0.333333333333,0.166666666667,0.833333333333
Turtle-Fudge-Brownie-1394374,,,,,,
Turtle-Poke-Brownies-1535518,,,,,,
Twix-Truffle-Brownies-628711,,,,,,
Two-Bite-Gluten-Free-Brownies-684589,0.166666666667,0.333333333333,0.0,0.333333333333,0.0,0.833333333333
Two-Tone-Brownies-Allrecipes,0.166666666667,0.666666666667,0.0,0.166666666667,0.166666666667,0.833333333333
Ultimate-Double-Chocolate-Brownies-with-Caramels-1127560,0.333333333333,0.5,0.0,0.333333333333,0.166666666667,0.833333333333
Ultimate-Homemade-Brownies-1479531,0.666666666667,0.833333333333,0.0,0.333333333333,0.0,0.833333333333
Ultra-Fudgy-Brownies-440150,0.833333333333,0.5,0.0,0.833333333333,0.166666666667,0.833333333333
Valentine-Heart-Brownies-1505681,0.666666666667,0.833333333333,0.0,0.666666666667,0.0,0.833333333333
Valentine_s-Day-Brownies-1082046,0.5,0.833333333333,0.0,0.166666666667,0.166666666667,0.833333333333
Valentines-Brownies-1376364,0.333333333333,0.833333333333,0.0,0.166666666667,0.0,0.833333333333
Valentines-Brownies-1493649,,,,,,
Vampire-Bite-Brownies-Halloween-1339373,0.166666666667,0.166666666667,0.0,0.166666666667,0.166666666667,0.5
Vanilla-Caramel-Brownie-1352943,0.166666666667,0.166666666667,0.0,0.166666666667,0.0,0.833333333333
Vanilla-Caramel-Brownies-488375,0.166666666667,0.666666666667,0.0,0.166666666667,0.0,0.833333333333
Vegan-Brownies-1170983,0.666666666667,0.5,0.0,0.666666666667,0.166666666667,0.833333333333
Vegan-No-Bake-Chocolate-Fudge-Brownies-1571628,0.833333333333,0.833333333333,0.0,0.166666666667,0.166666666667,0.833333333333
Victory-Brownies-Allrecipes,0.5,0.833333333333,0.666666666667,0.5,0.166666666667,0.833333333333
Vintage-Brownie-Surprise-Cake-1066850,,,,,,
Walnut-Brownies-1613097,,,,,,
White-Chocolate-Blondie-Brownies-1607606,0.333333333333,0.666666666667,0.0,0.666666666667,0.166666666667,0.833333333333
White-Chocolate-Chocolate-Chip-Brownies-1565006,,,,,,
White-Chocolate-Mousse-Brownie-Parfait-1623987,0.166666666667,0.833333333333,0.0,0.166666666667,0.166666666667,0.833333333333
White-Chocolate-Oreo-Brownies-1239051,0.166666666667,0.833333333333,0.0,0.166666666667,0.166666666667,0.833333333333
Whole-Wheat-Brownies-Martha-Stewart-193769,0.666666666667,0.333333333333,0.0,0.666666666667,0.166666666667,0.833333333333
Whole-Wheat-Dark-Chocolate-Zucchini-Brownies-1635381,0.833333333333,0.5,0.0,0.833333333333,0.333333333333,0.833333333333
Zucchini-Brownies-1157914,0.333333333333,0.333333333333,0.0,0.666666666667,0.166666666667,0.833333333333
Zucchini-Brownies-1230645,0.333333333333,0.166666666667,0.0,0.666666666667,0.166666666667,0.833333333333
Zucchini-Brownies-1285157,0.5,0.166666666667,0.0,0.833333333333,0.166666666667,0.833333333333
Zucchini-Brownies-1606285,0.5,0.333333333333,0.0,0.666666666667,0.166666666667,0.833333333333
_-Double-Decker-Brownies-1103350,0.166666666667,0.666666666667,0.0,0.166666666667,0.0,0.833333333333
